pid,name,party,district,status,rank,wiki,tw,hp
P002,青木 ひとみ,参政党,衆議院議員,情報不足,情報不足,https://ja.wikipedia.org/wiki/青木ひとみ,,https://sanseito.jp/
P010,浅田 眞澄美,自民党,衆議院議員,情報不足,情報不足,https://ja.wikipedia.org/wiki/浅田眞澄美,,https://www.google.com/search?q=%E6%B5%85%E7%94%B0%20%E7%9C%9E%E6%BE%84%E7%BE%8E%20%E5%85%AC%E5%BC%8F%E3%82%B5%E3%82%A4%E3%83%88%20%E3%83%9B%E3%83%BC%E3%83%A0%E3%83%9A%E3%83%BC%E3%82%B8
P016,阿部 圭史,日本維新の会,衆議院議員,情報不足,情報不足,https://ja.wikipedia.org/wiki/阿部圭史,,https://www.google.com/search?q=%E9%98%BF%E9%83%A8%20%E5%9C%AD%E5%8F%B2%20%E5%85%AC%E5%BC%8F%E3%82%B5%E3%82%A4%E3%83%88%20%E3%83%9B%E3%83%BC%E3%83%A0%E3%83%9A%E3%83%BC%E3%82%B8
P030,石川 勝,参政党,衆議院議員,情報不足,情報不足,https://ja.wikipedia.org/wiki/石川勝,,https://www.google.com/search?q=%E7%9F%B3%E5%B7%9D%20%E5%8B%9D%20%E5%85%AC%E5%BC%8F%E3%82%B5%E3%82%A4%E3%83%88%20%E3%83%9B%E3%83%BC%E3%83%A0%E3%83%9A%E3%83%BC%E3%82%B8
P031,石坂 太,自民党,衆議院議員,情報不足,情報不足,https://ja.wikipedia.org/wiki/石坂太,,https://www.google.com/search?q=%E7%9F%B3%E5%9D%82%20%E5%A4%AA%20%E5%85%AC%E5%BC%8F%E3%82%B5%E3%82%A4%E3%83%88%20%E3%83%9B%E3%83%BC%E3%83%A0%E3%83%9A%E3%83%BC%E3%82%B8
P034,石橋 林太郎,自民党,衆議院議員,情報不足,情報不足,https://ja.wikipedia.org/wiki/石橋林太郎,https://x.com/R_Ishibashi0306,https://ishibashi-rintaro.com/
P036,石原 正敬,自民党,衆議院議員,情報不足,情報不足,https://ja.wikipedia.org/wiki/石原正敬,https://x.com/masa_ishihara,https://ishihara-masataka.com/
P038,一谷 勇一郎,日本維新の会,衆議院議員,情報不足,情報不足,https://ja.wikipedia.org/wiki/一谷勇一郎,https://x.com/ichitani_yuichi,
P041,井戸 まさえ,国民民主党,衆議院議員,情報不足,情報不足,https://ja.wikipedia.org/wiki/井戸まさえ,https://x.com/idomasae,https://idomasae.com/
P042,伊藤 恵介,参政党,衆議院議員,情報不足,情報不足,https://ja.wikipedia.org/wiki/伊藤恵介,,https://www.google.com/search?q=%E4%BC%8A%E8%97%A4%20%E6%81%B5%E4%BB%8B%20%E5%85%AC%E5%BC%8F%E3%82%B5%E3%82%A4%E3%83%88%20%E3%83%9B%E3%83%BC%E3%83%A0%E3%83%9A%E3%83%BC%E3%82%B8
P043,伊藤 聡,自民党,衆議院議員,情報不足,情報不足,https://ja.wikipedia.org/wiki/伊藤聡,,https://www.google.com/search?q=%E4%BC%8A%E8%97%A4%20%E8%81%A1%20%E5%85%AC%E5%BC%8F%E3%82%B5%E3%82%A4%E3%83%88%20%E3%83%9B%E3%83%BC%E3%83%A0%E3%83%9A%E3%83%BC%E3%82%B8
P050,稲葉 大輔,自民党,衆議院議員,情報不足,情報不足,https://ja.wikipedia.org/wiki/稲葉大輔,,https://www.google.com/search?q=%E7%A8%B2%E8%91%89%20%E5%A4%A7%E8%BC%94%20%E5%85%AC%E5%BC%8F%E3%82%B5%E3%82%A4%E3%83%88%20%E3%83%9B%E3%83%BC%E3%83%A0%E3%83%9A%E3%83%BC%E3%82%B8
P051,犬飼 明佳,中道改革連合,衆議院議員,情報不足,情報不足,https://ja.wikipedia.org/wiki/犬飼明佳,https://x.com/inukai_akiyoshi,https://inukai-akiyoshi.com/
P058,井原 隆,自民党,参議院議員,情報不足,情報不足,https://ja.wikipedia.org/wiki/井原隆,,https://www.google.com/search?q=%E4%BA%95%E5%8E%9F%20%E9%9A%86%20%E5%85%AC%E5%BC%8F%E3%82%B5%E3%82%A4%E3%83%88%20%E3%83%9B%E3%83%BC%E3%83%A0%E3%83%9A%E3%83%BC%E3%82%B8
P060,今岡 植,自民党,衆議院議員,情報不足,情報不足,https://ja.wikipedia.org/wiki/今岡植,,https://www.google.com/search?q=%E4%BB%8A%E5%B2%A1%20%E6%A4%8D%20%E5%85%AC%E5%BC%8F%E3%82%B5%E3%82%A4%E3%83%88%20%E3%83%9B%E3%83%BC%E3%83%A0%E3%83%9A%E3%83%BC%E3%82%B8
P061,岩崎 比菜,自民党,衆議院議員,情報不足,情報不足,https://ja.wikipedia.org/wiki/岩崎比菜,,https://www.google.com/search?q=%E5%B2%A9%E5%B4%8E%20%E6%AF%94%E8%8F%9C%20%E5%85%AC%E5%BC%8F%E3%82%B5%E3%82%A4%E3%83%88%20%E3%83%9B%E3%83%BC%E3%83%A0%E3%83%9A%E3%83%BC%E3%82%B8
P066,上田 英俊,自民党,衆議院議員,情報不足,情報不足,https://ja.wikipedia.org/wiki/上田英俊,https://x.com/uetahidetoshi,https://ueta-hidetoshi.com/
P069,上原 正裕,自民党,衆議院議員,情報不足,情報不足,https://ja.wikipedia.org/wiki/上原正裕,,https://www.google.com/search?q=%E4%B8%8A%E5%8E%9F%20%E6%AD%A3%E8%A3%95%20%E5%85%AC%E5%BC%8F%E3%82%B5%E3%82%A4%E3%83%88%20%E3%83%9B%E3%83%BC%E3%83%A0%E3%83%9A%E3%83%BC%E3%82%B8
P071,宇佐美 登,チームみらい,衆議院議員,情報不足,情報不足,https://ja.wikipedia.org/wiki/宇佐美登,https://x.com/usamioffice,https://usami-noboru.com/
P072,臼木 秀剛,国民民主党,衆議院議員,情報不足,情報不足,https://ja.wikipedia.org/wiki/臼木秀剛,https://x.com/usuki_hidetake,https://usuki-hidetake.com/
P073,内山 こう,自民党,衆議院議員,情報不足,情報不足,https://ja.wikipedia.org/wiki/内山こう,,https://www.google.com/search?q=%E5%86%85%E5%B1%B1%20%E3%81%93%E3%81%86%20%E5%85%AC%E5%BC%8F%E3%82%B5%E3%82%A4%E3%83%88%20%E3%83%9B%E3%83%BC%E3%83%A0%E3%83%9A%E3%83%BC%E3%82%B8
P079,衛藤 博昭,自民党,衆議院議員,情報不足,情報不足,https://ja.wikipedia.org/wiki/衛藤博昭,,https://www.google.com/search?q=%E8%A1%9B%E8%97%A4%20%E5%8D%9A%E6%98%AD%20%E5%85%AC%E5%BC%8F%E3%82%B5%E3%82%A4%E3%83%88%20%E3%83%9B%E3%83%BC%E3%83%A0%E3%83%9A%E3%83%BC%E3%82%B8
P085,大島 敦,中道改革連合,衆議院議員,情報不足,情報不足,https://ja.wikipedia.org/wiki/大島敦,,https://www.google.com/search?q=%E5%A4%A7%E5%B3%B6%20%E6%95%A6%20%E5%85%AC%E5%BC%8F%E3%82%B5%E3%82%A4%E3%83%88%20%E3%83%9B%E3%83%BC%E3%83%A0%E3%83%9A%E3%83%BC%E3%82%B8
P088,大西 洋平,自民党,衆議院議員,情報不足,情報不足,https://ja.wikipedia.org/wiki/大西洋平,,https://www.google.com/search?q=%E5%A4%A7%E8%A5%BF%20%E6%B4%8B%E5%B9%B3%20%E5%85%AC%E5%BC%8F%E3%82%B5%E3%82%A4%E3%83%88%20%E3%83%9B%E3%83%BC%E3%83%A0%E3%83%9A%E3%83%BC%E3%82%B8
P090,大森 江里子,中道改革連合,衆議院議員,情報不足,情報不足,https://ja.wikipedia.org/wiki/大森江里子,,https://www.google.com/search?q=%E5%A4%A7%E6%A3%AE%20%E6%B1%9F%E9%87%8C%E5%AD%90%20%E5%85%AC%E5%BC%8F%E3%82%B5%E3%82%A4%E3%83%88%20%E3%83%9B%E3%83%BC%E3%83%A0%E3%83%9A%E3%83%BC%E3%82%B8
P092,岡野 純子,国民民主党,衆議院議員,情報不足,情報不足,https://ja.wikipedia.org/wiki/岡野純子,,https://www.google.com/search?q=%E5%B2%A1%E9%87%8E%20%E7%B4%94%E5%AD%90%20%E5%85%AC%E5%BC%8F%E3%82%B5%E3%82%A4%E3%83%88%20%E3%83%9B%E3%83%BC%E3%83%A0%E3%83%9A%E3%83%BC%E3%82%B8
P094,岡本 康宏,自民党,衆議院議員,情報不足,情報不足,https://ja.wikipedia.org/wiki/岡本康宏,,https://www.google.com/search?q=%E5%B2%A1%E6%9C%AC%20%E5%BA%B7%E5%AE%8F%20%E5%85%AC%E5%BC%8F%E3%82%B5%E3%82%A4%E3%83%88%20%E3%83%9B%E3%83%BC%E3%83%A0%E3%83%9A%E3%83%BC%E3%82%B8
P098,長田 紘一郎,自民党,衆議院議員,情報不足,情報不足,https://ja.wikipedia.org/wiki/長田紘一郎,,https://www.google.com/search?q=%E9%95%B7%E7%94%B0%20%E7%B4%98%E4%B8%80%E9%83%8E%20%E5%85%AC%E5%BC%8F%E3%82%B5%E3%82%A4%E3%83%88%20%E3%83%9B%E3%83%BC%E3%83%A0%E3%83%9A%E3%83%BC%E3%82%B8
P100,小竹 凱,国民民主党,衆議院議員,情報不足,情報不足,https://ja.wikipedia.org/wiki/小竹凱,,https://www.google.com/search?q=%E5%B0%8F%E7%AB%B9%20%E5%87%B1%20%E5%85%AC%E5%BC%8F%E3%82%B5%E3%82%A4%E3%83%88%20%E3%83%9B%E3%83%BC%E3%83%A0%E3%83%9A%E3%83%BC%E3%82%B8
P105,尾花 瑛仁,自民党,衆議院議員,情報不足,情報不足,https://ja.wikipedia.org/wiki/尾花瑛仁,,https://www.google.com/search?q=%E5%B0%BE%E8%8A%B1%20%E7%91%9B%E4%BB%81%20%E5%85%AC%E5%BC%8F%E3%82%B5%E3%82%A4%E3%83%88%20%E3%83%9B%E3%83%BC%E3%83%A0%E3%83%9A%E3%83%BC%E3%82%B8
P145,木下 敏之,参政党,衆議院議員,情報不足,情報不足,https://ja.wikipedia.org/wiki/木下敏之,,https://www.google.com/search?q=%E6%9C%A8%E4%B8%8B%20%E6%95%8F%E4%B9%8B%20%E5%85%AC%E5%BC%8F%E3%82%B5%E3%82%A4%E3%83%88%20%E3%83%9B%E3%83%BC%E3%83%A0%E3%83%9A%E3%83%BC%E3%82%B8
P149,金城 泰邦,中道改革連合,衆議院議員,情報不足,情報不足,https://ja.wikipedia.org/wiki/金城泰邦,,https://www.google.com/search?q=%E9%87%91%E5%9F%8E%20%E6%B3%B0%E9%82%A6%20%E5%85%AC%E5%BC%8F%E3%82%B5%E3%82%A4%E3%83%88%20%E3%83%9B%E3%83%BC%E3%83%A0%E3%83%9A%E3%83%BC%E3%82%B8
P150,草間 剛,自民党,衆議院議員,情報不足,情報不足,https://ja.wikipedia.org/wiki/草間剛,,https://www.google.com/search?q=%E8%8D%89%E9%96%93%20%E5%89%9B%20%E5%85%AC%E5%BC%8F%E3%82%B5%E3%82%A4%E3%83%88%20%E3%83%9B%E3%83%BC%E3%83%A0%E3%83%9A%E3%83%BC%E3%82%B8
P152,工藤 聖子,参政党,衆議院議員,情報不足,情報不足,https://ja.wikipedia.org/wiki/工藤聖子,,https://www.google.com/search?q=%E5%B7%A5%E8%97%A4%20%E8%81%96%E5%AD%90%20%E5%85%AC%E5%BC%8F%E3%82%B5%E3%82%A4%E3%83%88%20%E3%83%9B%E3%83%BC%E3%83%A0%E3%83%9A%E3%83%BC%E3%82%B8
P157,栗原 渉,自民党,衆議院議員,情報不足,情報不足,https://ja.wikipedia.org/wiki/栗原渉,,https://www.google.com/search?q=%E6%A0%97%E5%8E%9F%20%E6%B8%89%20%E5%85%AC%E5%BC%8F%E3%82%B5%E3%82%A4%E3%83%88%20%E3%83%9B%E3%83%BC%E3%83%A0%E3%83%9A%E3%83%BC%E3%82%B8
P158,黒崎 祐一,自民党,衆議院議員,情報不足,情報不足,https://ja.wikipedia.org/wiki/黒崎祐一,,https://www.google.com/search?q=%E9%BB%92%E5%B4%8E%20%E7%A5%90%E4%B8%80%20%E5%85%AC%E5%BC%8F%E3%82%B5%E3%82%A4%E3%83%88%20%E3%83%9B%E3%83%BC%E3%83%A0%E3%83%9A%E3%83%BC%E3%82%B8
P159,黒田 征樹,日本維新の会,衆議院議員,情報不足,情報不足,https://ja.wikipedia.org/wiki/黒田征樹,,https://www.google.com/search?q=%E9%BB%92%E7%94%B0%20%E5%BE%81%E6%A8%B9%20%E5%85%AC%E5%BC%8F%E3%82%B5%E3%82%A4%E3%83%88%20%E3%83%9B%E3%83%BC%E3%83%A0%E3%83%9A%E3%83%BC%E3%82%B8
P160,小池 正昭,自民党,衆議院議員,情報不足,情報不足,https://ja.wikipedia.org/wiki/小池正昭,,https://www.google.com/search?q=%E5%B0%8F%E6%B1%A0%20%E6%AD%A3%E6%98%AD%20%E5%85%AC%E5%BC%8F%E3%82%B5%E3%82%A4%E3%83%88%20%E3%83%9B%E3%83%BC%E3%83%A0%E3%83%9A%E3%83%BC%E3%82%B8
P165,こうらい啓一郎,自民党,衆議院議員,情報不足,情報不足,https://ja.wikipedia.org/wiki/こうらい啓一郎,,https://www.google.com/search?q=%E3%81%93%E3%81%86%E3%82%89%E3%81%84%E5%95%93%E4%B8%80%E9%83%8E%20%E5%85%AC%E5%BC%8F%E3%82%B5%E3%82%A4%E3%83%88%20%E3%83%9B%E3%83%BC%E3%83%A0%E3%83%9A%E3%83%BC%E3%82%B8
P172,許斐 亮太郎,国民民主党,衆議院議員,情報不足,情報不足,https://ja.wikipedia.org/wiki/許斐亮太郎,,https://www.google.com/search?q=%E8%A8%B1%E6%96%90%20%E4%BA%AE%E5%A4%AA%E9%83%8E%20%E5%85%AC%E5%BC%8F%E3%82%B5%E3%82%A4%E3%83%88%20%E3%83%9B%E3%83%BC%E3%83%A0%E3%83%9A%E3%83%BC%E3%82%B8
P174,小林 修平,チームみらい,衆議院議員,情報不足,情報不足,https://ja.wikipedia.org/wiki/小林修平,,https://www.google.com/search?q=%E5%B0%8F%E6%9E%97%20%E4%BF%AE%E5%B9%B3%20%E5%85%AC%E5%BC%8F%E3%82%B5%E3%82%A4%E3%83%88%20%E3%83%9B%E3%83%BC%E3%83%A0%E3%83%9A%E3%83%BC%E3%82%B8
P178,今 洋佑,自民党,衆議院議員,情報不足,情報不足,https://ja.wikipedia.org/wiki/今洋佑,,https://www.google.com/search?q=%E4%BB%8A%20%E6%B4%8B%E4%BD%91%20%E5%85%AC%E5%BC%8F%E3%82%B5%E3%82%A4%E3%83%88%20%E3%83%9B%E3%83%BC%E3%83%A0%E3%83%9A%E3%83%BC%E3%82%B8
P180,近藤 雅彦,国民民主党,衆議院議員,情報不足,情報不足,https://ja.wikipedia.org/wiki/近藤雅彦,,https://www.google.com/search?q=%E8%BF%91%E8%97%A4%20%E9%9B%85%E5%BD%A6%20%E5%85%AC%E5%BC%8F%E3%82%B5%E3%82%A4%E3%83%88%20%E3%83%9B%E3%83%BC%E3%83%A0%E3%83%9A%E3%83%BC%E3%82%B8
P181,斉木 武志,自民党,衆議院議員,情報不足,情報不足,https://ja.wikipedia.org/wiki/斉木武志,,https://www.google.com/search?q=%E6%96%89%E6%9C%A8%20%E6%AD%A6%E5%BF%97%20%E5%85%AC%E5%BC%8F%E3%82%B5%E3%82%A4%E3%83%88%20%E3%83%9B%E3%83%BC%E3%83%A0%E3%83%9A%E3%83%BC%E3%82%B8
P182,西條 昌良,自民党,衆議院議員,情報不足,情報不足,https://ja.wikipedia.org/wiki/西條昌良,,https://www.google.com/search?q=%E8%A5%BF%E6%A2%9D%20%E6%98%8C%E8%89%AF%20%E5%85%AC%E5%BC%8F%E3%82%B5%E3%82%A4%E3%83%88%20%E3%83%9B%E3%83%BC%E3%83%A0%E3%83%9A%E3%83%BC%E3%82%B8
P187,斉藤 りえ,自民党,衆議院議員,情報不足,情報不足,https://ja.wikipedia.org/wiki/斉藤りえ,,https://www.google.com/search?q=%E6%96%89%E8%97%A4%20%E3%82%8A%E3%81%88%20%E5%85%AC%E5%BC%8F%E3%82%B5%E3%82%A4%E3%83%88%20%E3%83%9B%E3%83%BC%E3%83%A0%E3%83%9A%E3%83%BC%E3%82%B8
P190,坂本 竜太郎,自民党,衆議院議員,情報不足,情報不足,https://ja.wikipedia.org/wiki/坂本竜太郎,,https://www.google.com/search?q=%E5%9D%82%E6%9C%AC%20%E7%AB%9C%E5%A4%AA%E9%83%8E%20%E5%85%AC%E5%BC%8F%E3%82%B5%E3%82%A4%E3%83%88%20%E3%83%9B%E3%83%BC%E3%83%A0%E3%83%9A%E3%83%BC%E3%82%B8
P193,佐々木 真琴,国民民主党,衆議院議員,情報不足,情報不足,https://ja.wikipedia.org/wiki/佐々木真琴,,https://www.google.com/search?q=%E4%BD%90%E3%80%85%E6%9C%A8%20%E7%9C%9F%E7%90%B4%20%E5%85%AC%E5%BC%8F%E3%82%B5%E3%82%A4%E3%83%88%20%E3%83%9B%E3%83%BC%E3%83%A0%E3%83%9A%E3%83%BC%E3%82%B8
P195,佐藤 主迪,自民党,衆議院議員,情報不足,情報不足,https://ja.wikipedia.org/wiki/佐藤主迪,,https://www.google.com/search?q=%E4%BD%90%E8%97%A4%20%E4%B8%BB%E8%BF%AA%20%E5%85%AC%E5%BC%8F%E3%82%B5%E3%82%A4%E3%83%88%20%E3%83%9B%E3%83%BC%E3%83%A0%E3%83%9A%E3%83%BC%E3%82%B8
P203,島田 智明,自民党,衆議院議員,情報不足,情報不足,https://ja.wikipedia.org/wiki/島田智明,,https://www.google.com/search?q=%E5%B3%B6%E7%94%B0%20%E6%99%BA%E6%98%8E%20%E5%85%AC%E5%BC%8F%E3%82%B5%E3%82%A4%E3%83%88%20%E3%83%9B%E3%83%BC%E3%83%A0%E3%83%9A%E3%83%BC%E3%82%B8
P204,島村 かおる,参政党,衆議院議員,情報不足,情報不足,https://ja.wikipedia.org/wiki/島村かおる,,https://www.google.com/search?q=%E5%B3%B6%E6%9D%91%20%E3%81%8B%E3%81%8A%E3%82%8B%20%E5%85%AC%E5%BC%8F%E3%82%B5%E3%82%A4%E3%83%88%20%E3%83%9B%E3%83%BC%E3%83%A0%E3%83%9A%E3%83%BC%E3%82%B8
P207,白坂 亜紀,自民党,参議院議員,情報不足,情報不足,https://ja.wikipedia.org/wiki/白坂亜紀,,https://www.google.com/search?q=%E7%99%BD%E5%9D%82%20%E4%BA%9C%E7%B4%80%20%E5%85%AC%E5%BC%8F%E3%82%B5%E3%82%A4%E3%83%88%20%E3%83%9B%E3%83%BC%E3%83%A0%E3%83%9A%E3%83%BC%E3%82%B8
P216,鈴木 拓海,自民党,衆議院議員,情報不足,情報不足,https://ja.wikipedia.org/wiki/鈴木拓海,,https://www.google.com/search?q=%E9%88%B4%E6%9C%A8%20%E6%8B%93%E6%B5%B7%20%E5%85%AC%E5%BC%8F%E3%82%B5%E3%82%A4%E3%83%88%20%E3%83%9B%E3%83%BC%E3%83%A0%E3%83%9A%E3%83%BC%E3%82%B8
P219,鈴木 美香,参政党,衆議院議員,情報不足,情報不足,https://ja.wikipedia.org/wiki/鈴木美香,,https://www.google.com/search?q=%E9%88%B4%E6%9C%A8%20%E7%BE%8E%E9%A6%99%20%E5%85%AC%E5%BC%8F%E3%82%B5%E3%82%A4%E3%83%88%20%E3%83%9B%E3%83%BC%E3%83%A0%E3%83%9A%E3%83%BC%E3%82%B8
P221,須田 英太郎,チームみらい,衆議院議員,情報不足,情報不足,https://ja.wikipedia.org/wiki/須田英太郎,,https://www.google.com/search?q=%E9%A0%88%E7%94%B0%20%E8%8B%B1%E5%A4%AA%E9%83%8E%20%E5%85%AC%E5%BC%8F%E3%82%B5%E3%82%A4%E3%83%88%20%E3%83%9B%E3%83%BC%E3%83%A0%E3%83%9A%E3%83%BC%E3%82%B8
P225,世古 万美子,自民党,衆議院議員,情報不足,情報不足,https://ja.wikipedia.org/wiki/世古万美子,,https://www.google.com/search?q=%E4%B8%96%E5%8F%A4%20%E4%B8%87%E7%BE%8E%E5%AD%90%20%E5%85%AC%E5%BC%8F%E3%82%B5%E3%82%A4%E3%83%88%20%E3%83%9B%E3%83%BC%E3%83%A0%E3%83%9A%E3%83%BC%E3%82%B8
P228,園崎 弘道,自民党,衆議院議員,情報不足,情報不足,https://ja.wikipedia.org/wiki/園崎弘道,,https://www.google.com/search?q=%E5%9C%92%E5%B4%8E%20%E5%BC%98%E9%81%93%20%E5%85%AC%E5%BC%8F%E3%82%B5%E3%82%A4%E3%83%88%20%E3%83%9B%E3%83%BC%E3%83%A0%E3%83%9A%E3%83%BC%E3%82%B8
P234,高沢 一基,国民民主党,衆議院議員,情報不足,情報不足,https://ja.wikipedia.org/wiki/高沢一基,,https://www.google.com/search?q=%E9%AB%98%E6%B2%A2%20%E4%B8%80%E5%9F%BA%20%E5%85%AC%E5%BC%8F%E3%82%B5%E3%82%A4%E3%83%88%20%E3%83%9B%E3%83%BC%E3%83%A0%E3%83%9A%E3%83%BC%E3%82%B8
P236,高橋 祐介,自民党,衆議院議員,情報不足,情報不足,https://ja.wikipedia.org/wiki/高橋祐介,,https://www.google.com/search?q=%E9%AB%98%E6%A9%8B%20%E7%A5%90%E4%BB%8B%20%E5%85%AC%E5%BC%8F%E3%82%B5%E3%82%A4%E3%83%88%20%E3%83%9B%E3%83%BC%E3%83%A0%E3%83%9A%E3%83%BC%E3%82%B8
P237,高見 康裕,自民党,衆議院議員,情報不足,情報不足,https://ja.wikipedia.org/wiki/高見康裕,,https://www.google.com/search?q=%E9%AB%98%E8%A6%8B%20%E5%BA%B7%E8%A3%95%20%E5%85%AC%E5%BC%8F%E3%82%B5%E3%82%A4%E3%83%88%20%E3%83%9B%E3%83%BC%E3%83%A0%E3%83%9A%E3%83%BC%E3%82%B8
P275,とかしきなおみ,自民党,衆議院議員,情報不足,情報不足,https://ja.wikipedia.org/wiki/とかしきなおみ,,https://www.google.com/search?q=%E3%81%A8%E3%81%8B%E3%81%97%E3%81%8D%E3%81%AA%E3%81%8A%E3%81%BF%20%E5%85%AC%E5%BC%8F%E3%82%B5%E3%82%A4%E3%83%88%20%E3%83%9B%E3%83%BC%E3%83%A0%E3%83%9A%E3%83%BC%E3%82%B8
P278,永岡 桂子,自民党,衆議院議員,情報不足,情報不足,https://ja.wikipedia.org/wiki/永岡桂子,,https://www.google.com/search?q=%E6%B0%B8%E5%B2%A1%20%E6%A1%82%E5%AD%90%20%E5%85%AC%E5%BC%8F%E3%82%B5%E3%82%A4%E3%83%88%20%E3%83%9B%E3%83%BC%E3%83%A0%E3%83%9A%E3%83%BC%E3%82%B8
P279,中川こういち,自民党,衆議院議員,情報不足,情報不足,https://ja.wikipedia.org/wiki/中川こういち,,https://www.google.com/search?q=%E4%B8%AD%E5%B7%9D%E3%81%93%E3%81%86%E3%81%84%E3%81%A1%20%E5%85%AC%E5%BC%8F%E3%82%B5%E3%82%A4%E3%83%88%20%E3%83%9B%E3%83%BC%E3%83%A0%E3%83%9A%E3%83%BC%E3%82%B8
P280,中川 貴元,自民党,衆議院議員,情報不足,情報不足,https://ja.wikipedia.org/wiki/中川貴元,,https://www.google.com/search?q=%E4%B8%AD%E5%B7%9D%20%E8%B2%B4%E5%85%83%20%E5%85%AC%E5%BC%8F%E3%82%B5%E3%82%A4%E3%83%88%20%E3%83%9B%E3%83%BC%E3%83%A0%E3%83%9A%E3%83%BC%E3%82%B8
P281,中川 宏昌,中道改革連合,衆議院議員,情報不足,情報不足,https://ja.wikipedia.org/wiki/中川宏昌,,https://www.google.com/search?q=%E4%B8%AD%E5%B7%9D%20%E5%AE%8F%E6%98%8C%20%E5%85%AC%E5%BC%8F%E3%82%B5%E3%82%A4%E3%83%88%20%E3%83%9B%E3%83%BC%E3%83%A0%E3%83%9A%E3%83%BC%E3%82%B8
P286,中曽根 康隆,自民党,衆議院議員,情報不足,情報不足,https://ja.wikipedia.org/wiki/中曽根康隆,,https://www.google.com/search?q=%E4%B8%AD%E6%9B%BD%E6%A0%B9%20%E5%BA%B7%E9%9A%86%20%E5%85%AC%E5%BC%8F%E3%82%B5%E3%82%A4%E3%83%88%20%E3%83%9B%E3%83%BC%E3%83%A0%E3%83%9A%E3%83%BC%E3%82%B8
P287,中田 宏,自民党,衆議院議員,情報不足,情報不足,https://ja.wikipedia.org/wiki/中田宏,,https://www.google.com/search?q=%E4%B8%AD%E7%94%B0%20%E5%AE%8F%20%E5%85%AC%E5%BC%8F%E3%82%B5%E3%82%A4%E3%83%88%20%E3%83%9B%E3%83%BC%E3%83%A0%E3%83%9A%E3%83%BC%E3%82%B8
P288,永田 磨梨奈,自民党,衆議院議員,情報不足,情報不足,https://ja.wikipedia.org/wiki/永田磨梨奈,,https://www.google.com/search?q=%E6%B0%B8%E7%94%B0%20%E7%A3%A8%E6%A2%A8%E5%A5%88%20%E5%85%AC%E5%BC%8F%E3%82%B5%E3%82%A4%E3%83%88%20%E3%83%9B%E3%83%BC%E3%83%A0%E3%83%9A%E3%83%BC%E3%82%B8
P292,長妻 昭,中道改革連合,衆議院議員,情報不足,情報不足,https://ja.wikipedia.org/wiki/長妻昭,,https://www.google.com/search?q=%E9%95%B7%E5%A6%BB%20%E6%98%AD%20%E5%85%AC%E5%BC%8F%E3%82%B5%E3%82%A4%E3%83%88%20%E3%83%9B%E3%83%BC%E3%83%A0%E3%83%9A%E3%83%BC%E3%82%B8
P295,中根 一幸,自民党,衆議院議員,情報不足,情報不足,https://ja.wikipedia.org/wiki/中根一幸,,https://www.google.com/search?q=%E4%B8%AD%E6%A0%B9%20%E4%B8%80%E5%B9%B8%20%E5%85%AC%E5%BC%8F%E3%82%B5%E3%82%A4%E3%83%88%20%E3%83%9B%E3%83%BC%E3%83%A0%E3%83%9A%E3%83%BC%E3%82%B8
P299,中村 はやと,無所属,衆議院議員,情報不足,情報不足,https://ja.wikipedia.org/wiki/中村はやと,,https://www.google.com/search?q=%E4%B8%AD%E6%9D%91%20%E3%81%AF%E3%82%84%E3%81%A8%20%E5%85%AC%E5%BC%8F%E3%82%B5%E3%82%A4%E3%83%88%20%E3%83%9B%E3%83%BC%E3%83%A0%E3%83%9A%E3%83%BC%E3%82%B8
P301,なかや めぐ,参政党,衆議院議員,情報不足,情報不足,https://ja.wikipedia.org/wiki/なかやめぐ,,https://www.google.com/search?q=%E3%81%AA%E3%81%8B%E3%82%84%20%E3%82%81%E3%81%90%20%E5%85%AC%E5%BC%8F%E3%82%B5%E3%82%A4%E3%83%88%20%E3%83%9B%E3%83%BC%E3%83%A0%E3%83%9A%E3%83%BC%E3%82%B8
P304,鍋島 勢理,国民民主党,衆議院議員,情報不足,情報不足,https://ja.wikipedia.org/wiki/鍋島勢理,,https://www.google.com/search?q=%E9%8D%8B%E5%B3%B6%20%E5%8B%A2%E7%90%86%20%E5%85%AC%E5%BC%8F%E3%82%B5%E3%82%A4%E3%83%88%20%E3%83%9B%E3%83%BC%E3%83%A0%E3%83%9A%E3%83%BC%E3%82%B8
P307,西岡 義高,国民民主党,衆議院議員,情報不足,情報不足,https://ja.wikipedia.org/wiki/西岡義高,,https://www.google.com/search?q=%E8%A5%BF%E5%B2%A1%20%E7%BE%A9%E9%AB%98%20%E5%85%AC%E5%BC%8F%E3%82%B5%E3%82%A4%E3%83%88%20%E3%83%9B%E3%83%BC%E3%83%A0%E3%83%9A%E3%83%BC%E3%82%B8
P316,西山 尚利,自民党,衆議院議員,情報不足,情報不足,https://ja.wikipedia.org/wiki/西山尚利,,https://www.google.com/search?q=%E8%A5%BF%E5%B1%B1%20%E5%B0%9A%E5%88%A9%20%E5%85%AC%E5%BC%8F%E3%82%B5%E3%82%A4%E3%83%88%20%E3%83%9B%E3%83%BC%E3%83%A0%E3%83%9A%E3%83%BC%E3%82%B8
P317,新田 章文,自民党,衆議院議員,情報不足,情報不足,https://ja.wikipedia.org/wiki/新田章文,,https://www.google.com/search?q=%E6%96%B0%E7%94%B0%20%E7%AB%A0%E6%96%87%20%E5%85%AC%E5%BC%8F%E3%82%B5%E3%82%A4%E3%83%88%20%E3%83%9B%E3%83%BC%E3%83%A0%E3%83%9A%E3%83%BC%E3%82%B8
P321,根本 拓,自民党,衆議院議員,情報不足,情報不足,https://ja.wikipedia.org/wiki/根本拓,,https://www.google.com/search?q=%E6%A0%B9%E6%9C%AC%20%E6%8B%93%20%E5%85%AC%E5%BC%8F%E3%82%B5%E3%82%A4%E3%83%88%20%E3%83%9B%E3%83%BC%E3%83%A0%E3%83%9A%E3%83%BC%E3%82%B8
P327,野村 美穂,国民民主党,衆議院議員,情報不足,情報不足,https://ja.wikipedia.org/wiki/野村美穂,,https://www.google.com/search?q=%E9%87%8E%E6%9D%91%20%E7%BE%8E%E7%A9%82%20%E5%85%AC%E5%BC%8F%E3%82%B5%E3%82%A4%E3%83%88%20%E3%83%9B%E3%83%BC%E3%83%A0%E3%83%9A%E3%83%BC%E3%82%B8
P329,萩原 佳,日本維新の会,衆議院議員,情報不足,情報不足,https://ja.wikipedia.org/wiki/萩原佳,,https://www.google.com/search?q=%E8%90%A9%E5%8E%9F%20%E4%BD%B3%20%E5%85%AC%E5%BC%8F%E3%82%B5%E3%82%A4%E3%83%88%20%E3%83%9B%E3%83%BC%E3%83%A0%E3%83%9A%E3%83%BC%E3%82%B8
P333,畑野 君枝,日本共産党,衆議院議員,情報不足,情報不足,https://ja.wikipedia.org/wiki/畑野君枝,,https://www.google.com/search?q=%E7%95%91%E9%87%8E%20%E5%90%9B%E6%9E%9D%20%E5%85%AC%E5%BC%8F%E3%82%B5%E3%82%A4%E3%83%88%20%E3%83%9B%E3%83%BC%E3%83%A0%E3%83%9A%E3%83%BC%E3%82%B8
P339,林 拓海,チームみらい,衆議院議員,情報不足,情報不足,https://ja.wikipedia.org/wiki/林拓海,,https://www.google.com/search?q=%E6%9E%97%20%E6%8B%93%E6%B5%B7%20%E5%85%AC%E5%BC%8F%E3%82%B5%E3%82%A4%E3%83%88%20%E3%83%9B%E3%83%BC%E3%83%A0%E3%83%9A%E3%83%BC%E3%82%B8
P341,原田 直樹,中道改革連合,衆議院議員,情報不足,情報不足,https://ja.wikipedia.org/wiki/原田直樹,,https://www.google.com/search?q=%E5%8E%9F%E7%94%B0%20%E7%9B%B4%E6%A8%B9%20%E5%85%AC%E5%BC%8F%E3%82%B5%E3%82%A4%E3%83%88%20%E3%83%9B%E3%83%BC%E3%83%A0%E3%83%9A%E3%83%BC%E3%82%B8
P342,原山 大亮,日本維新の会,衆議院議員,情報不足,情報不足,https://ja.wikipedia.org/wiki/原山大亮,,https://www.google.com/search?q=%E5%8E%9F%E5%B1%B1%20%E5%A4%A7%E4%BA%AE%20%E5%85%AC%E5%BC%8F%E3%82%B5%E3%82%A4%E3%83%88%20%E3%83%9B%E3%83%BC%E3%83%A0%E3%83%9A%E3%83%BC%E3%82%B8
P343,東田 淳平,自民党,衆議院議員,情報不足,情報不足,https://ja.wikipedia.org/wiki/東田淳平,,https://www.google.com/search?q=%E6%9D%B1%E7%94%B0%20%E6%B7%B3%E5%B9%B3%20%E5%85%AC%E5%BC%8F%E3%82%B5%E3%82%A4%E3%83%88%20%E3%83%9B%E3%83%BC%E3%83%A0%E3%83%9A%E3%83%BC%E3%82%B8
P347,平沢 勝栄,自民党,衆議院議員,情報不足,情報不足,https://ja.wikipedia.org/wiki/平沢勝栄,,https://www.google.com/search?q=%E5%B9%B3%E6%B2%A2%20%E5%8B%9D%E6%A0%84%20%E5%85%AC%E5%BC%8F%E3%82%B5%E3%82%A4%E3%83%88%20%E3%83%9B%E3%83%BC%E3%83%A0%E3%83%9A%E3%83%BC%E3%82%B8
P348,平沼 正二郎,自民党,衆議院議員,情報不足,情報不足,https://ja.wikipedia.org/wiki/平沼正二郎,,https://www.google.com/search?q=%E5%B9%B3%E6%B2%BC%20%E6%AD%A3%E4%BA%8C%E9%83%8E%20%E5%85%AC%E5%BC%8F%E3%82%B5%E3%82%A4%E3%83%88%20%E3%83%9B%E3%83%BC%E3%83%A0%E3%83%9A%E3%83%BC%E3%82%B8
P349,平林 晃,中道改革連合,衆議院議員,情報不足,情報不足,https://ja.wikipedia.org/wiki/平林晃,,https://www.google.com/search?q=%E5%B9%B3%E6%9E%97%20%E6%99%83%20%E5%85%AC%E5%BC%8F%E3%82%B5%E3%82%A4%E3%83%88%20%E3%83%9B%E3%83%BC%E3%83%A0%E3%83%9A%E3%83%BC%E3%82%B8
P351,深作 ヘスス,国民民主党,衆議院議員,情報不足,情報不足,https://ja.wikipedia.org/wiki/深作ヘスス,,https://www.google.com/search?q=%E6%B7%B1%E4%BD%9C%20%E3%83%98%E3%82%B9%E3%82%B9%20%E5%85%AC%E5%BC%8F%E3%82%B5%E3%82%A4%E3%83%88%20%E3%83%9B%E3%83%BC%E3%83%A0%E3%83%9A%E3%83%BC%E3%82%B8
P362,藤田 誠,自民党,衆議院議員,情報不足,情報不足,https://ja.wikipedia.org/wiki/藤田誠,,https://www.google.com/search?q=%E8%97%A4%E7%94%B0%20%E8%AA%A0%20%E5%85%AC%E5%BC%8F%E3%82%B5%E3%82%A4%E3%83%88%20%E3%83%9B%E3%83%BC%E3%83%A0%E3%83%9A%E3%83%BC%E3%82%B8
P363,藤田 洋司,自民党,衆議院議員,情報不足,情報不足,https://ja.wikipedia.org/wiki/藤田洋司,,https://www.google.com/search?q=%E8%97%A4%E7%94%B0%20%E6%B4%8B%E5%8F%B8%20%E5%85%AC%E5%BC%8F%E3%82%B5%E3%82%A4%E3%83%88%20%E3%83%9B%E3%83%BC%E3%83%A0%E3%83%9A%E3%83%BC%E3%82%B8
P366,文月 涼,自民党,衆議院議員,情報不足,情報不足,https://ja.wikipedia.org/wiki/文月涼,,https://www.google.com/search?q=%E6%96%87%E6%9C%88%20%E6%B6%BC%20%E5%85%AC%E5%BC%8F%E3%82%B5%E3%82%A4%E3%83%88%20%E3%83%9B%E3%83%BC%E3%83%A0%E3%83%9A%E3%83%BC%E3%82%B8
P391,丸尾 なつ子,自民党,衆議院議員,情報不足,情報不足,https://ja.wikipedia.org/wiki/丸尾なつ子,,https://www.google.com/search?q=%E4%B8%B8%E5%B0%BE%20%E3%81%AA%E3%81%A4%E5%AD%90%20%E5%85%AC%E5%BC%8F%E3%82%B5%E3%82%A4%E3%83%88%20%E3%83%9B%E3%83%BC%E3%83%A0%E3%83%9A%E3%83%BC%E3%82%B8
P393,丸田 康一郎,自民党,衆議院議員,情報不足,情報不足,https://ja.wikipedia.org/wiki/丸田康一郎,,https://www.google.com/search?q=%E4%B8%B8%E7%94%B0%20%E5%BA%B7%E4%B8%80%E9%83%8E%20%E5%85%AC%E5%BC%8F%E3%82%B5%E3%82%A4%E3%83%88%20%E3%83%9B%E3%83%BC%E3%83%A0%E3%83%9A%E3%83%BC%E3%82%B8
P395,水野よしひこ,自民党,衆議院議員,情報不足,情報不足,https://ja.wikipedia.org/wiki/水野よしひこ,,https://www.google.com/search?q=%E6%B0%B4%E9%87%8E%E3%82%88%E3%81%97%E3%81%B2%E3%81%93%20%E5%85%AC%E5%BC%8F%E3%82%B5%E3%82%A4%E3%83%88%20%E3%83%9B%E3%83%BC%E3%83%A0%E3%83%9A%E3%83%BC%E3%82%B8
P399,峰島 侑也,チームみらい,衆議院議員,情報不足,情報不足,https://ja.wikipedia.org/wiki/峰島侑也,,https://www.google.com/search?q=%E5%B3%B0%E5%B3%B6%20%E4%BE%91%E4%B9%9F%20%E5%85%AC%E5%BC%8F%E3%82%B5%E3%82%A4%E3%83%88%20%E3%83%9B%E3%83%BC%E3%83%A0%E3%83%9A%E3%83%BC%E3%82%B8
P402,三原 朝利,自民党,衆議院議員,情報不足,情報不足,https://ja.wikipedia.org/wiki/三原朝利,,https://www.google.com/search?q=%E4%B8%89%E5%8E%9F%20%E6%9C%9D%E5%88%A9%20%E5%85%AC%E5%BC%8F%E3%82%B5%E3%82%A4%E3%83%88%20%E3%83%9B%E3%83%BC%E3%83%A0%E3%83%9A%E3%83%BC%E3%82%B8
P407,向山 淳,自民党,衆議院議員,情報不足,情報不足,https://ja.wikipedia.org/wiki/向山淳,,https://www.google.com/search?q=%E5%90%91%E5%B1%B1%20%E6%B7%B3%20%E5%85%AC%E5%BC%8F%E3%82%B5%E3%82%A4%E3%83%88%20%E3%83%9B%E3%83%BC%E3%83%A0%E3%83%9A%E3%83%BC%E3%82%B8
P408,向山 好一,国民民主党,衆議院議員,情報不足,情報不足,https://ja.wikipedia.org/wiki/向山好一,,https://www.google.com/search?q=%E5%90%91%E5%B1%B1%20%E5%A5%BD%E4%B8%80%20%E5%85%AC%E5%BC%8F%E3%82%B5%E3%82%A4%E3%83%88%20%E3%83%9B%E3%83%BC%E3%83%A0%E3%83%9A%E3%83%BC%E3%82%B8
P409,武藤 かず子,チームみらい,衆議院議員,情報不足,情報不足,https://ja.wikipedia.org/wiki/武藤かず子,,https://www.google.com/search?q=%E6%AD%A6%E8%97%A4%20%E3%81%8B%E3%81%9A%E5%AD%90%20%E5%85%AC%E5%BC%8F%E3%82%B5%E3%82%A4%E3%83%88%20%E3%83%9B%E3%83%BC%E3%83%A0%E3%83%9A%E3%83%BC%E3%82%B8
P415,村上 智信,日本維新の会,衆議院議員,情報不足,情報不足,https://ja.wikipedia.org/wiki/村上智信,,https://www.google.com/search?q=%E6%9D%91%E4%B8%8A%20%E6%99%BA%E4%BF%A1%20%E5%85%AC%E5%BC%8F%E3%82%B5%E3%82%A4%E3%83%88%20%E3%83%9B%E3%83%BC%E3%83%A0%E3%83%9A%E3%83%BC%E3%82%B8
P416,村木 汀,自民党,衆議院議員,情報不足,情報不足,https://ja.wikipedia.org/wiki/村木汀,,https://www.google.com/search?q=%E6%9D%91%E6%9C%A8%20%E6%B1%80%20%E5%85%AC%E5%BC%8F%E3%82%B5%E3%82%A4%E3%83%88%20%E3%83%9B%E3%83%BC%E3%83%A0%E3%83%9A%E3%83%BC%E3%82%B8
P419,森 ようすけ,国民民主党,衆議院議員,情報不足,情報不足,https://ja.wikipedia.org/wiki/森ようすけ,,https://www.google.com/search?q=%E6%A3%AE%20%E3%82%88%E3%81%86%E3%81%99%E3%81%91%20%E5%85%AC%E5%BC%8F%E3%82%B5%E3%82%A4%E3%83%88%20%E3%83%9B%E3%83%BC%E3%83%A0%E3%83%9A%E3%83%BC%E3%82%B8
P420,森下 千里,自民党,衆議院議員,情報不足,情報不足,https://ja.wikipedia.org/wiki/森下千里,,https://www.google.com/search?q=%E6%A3%AE%E4%B8%8B%20%E5%8D%83%E9%87%8C%20%E5%85%AC%E5%BC%8F%E3%82%B5%E3%82%A4%E3%83%88%20%E3%83%9B%E3%83%BC%E3%83%A0%E3%83%9A%E3%83%BC%E3%82%B8
P421,森原 紀代子,自民党,衆議院議員,情報不足,情報不足,https://ja.wikipedia.org/wiki/森原紀代子,,https://www.google.com/search?q=%E6%A3%AE%E5%8E%9F%20%E7%B4%80%E4%BB%A3%E5%AD%90%20%E5%85%AC%E5%BC%8F%E3%82%B5%E3%82%A4%E3%83%88%20%E3%83%9B%E3%83%BC%E3%83%A0%E3%83%9A%E3%83%BC%E3%82%B8
P424,保岡 宏武,自民党,衆議院議員,情報不足,情報不足,https://ja.wikipedia.org/wiki/保岡宏武,,https://www.google.com/search?q=%E4%BF%9D%E5%B2%A1%20%E5%AE%8F%E6%AD%A6%20%E5%85%AC%E5%BC%8F%E3%82%B5%E3%82%A4%E3%83%88%20%E3%83%9B%E3%83%BC%E3%83%A0%E3%83%9A%E3%83%BC%E3%82%B8
P431,山崎 正恭,中道改革連合,衆議院議員,情報不足,情報不足,https://ja.wikipedia.org/wiki/山崎正恭,,https://www.google.com/search?q=%E5%B1%B1%E5%B4%8E%20%E6%AD%A3%E6%81%AD%20%E5%85%AC%E5%BC%8F%E3%82%B5%E3%82%A4%E3%83%88%20%E3%83%9B%E3%83%BC%E3%83%A0%E3%83%9A%E3%83%BC%E3%82%B8
P432,山下 史守朗,自民党,衆議院議員,情報不足,情報不足,https://ja.wikipedia.org/wiki/山下史守朗,,https://www.google.com/search?q=%E5%B1%B1%E4%B8%8B%20%E5%8F%B2%E5%AE%88%E6%9C%97%20%E5%85%AC%E5%BC%8F%E3%82%B5%E3%82%A4%E3%83%88%20%E3%83%9B%E3%83%BC%E3%83%A0%E3%83%9A%E3%83%BC%E3%82%B8
P434,山田 瑛理,チームみらい,衆議院議員,情報不足,情報不足,https://ja.wikipedia.org/wiki/山田瑛理,,https://www.google.com/search?q=%E5%B1%B1%E7%94%B0%20%E7%91%9B%E7%90%86%20%E5%85%AC%E5%BC%8F%E3%82%B5%E3%82%A4%E3%83%88%20%E3%83%9B%E3%83%BC%E3%83%A0%E3%83%9A%E3%83%BC%E3%82%B8
P438,山本 香苗,中道改革連合,衆議院議員,情報不足,情報不足,https://ja.wikipedia.org/wiki/山本香苗,,https://www.google.com/search?q=%E5%B1%B1%E6%9C%AC%20%E9%A6%99%E8%8B%97%20%E5%85%AC%E5%BC%8F%E3%82%B5%E3%82%A4%E3%83%88%20%E3%83%9B%E3%83%BC%E3%83%A0%E3%83%9A%E3%83%BC%E3%82%B8
P441,山本 深,自民党,衆議院議員,情報不足,情報不足,https://ja.wikipedia.org/wiki/山本深,,https://www.google.com/search?q=%E5%B1%B1%E6%9C%AC%20%E6%B7%B1%20%E5%85%AC%E5%BC%8F%E3%82%B5%E3%82%A4%E3%83%88%20%E3%83%9B%E3%83%BC%E3%83%A0%E3%83%9A%E3%83%BC%E3%82%B8
P444,横田 光弘,日本維新の会,衆議院議員,情報不足,情報不足,https://ja.wikipedia.org/wiki/横田光弘,,https://www.google.com/search?q=%E6%A8%AA%E7%94%B0%20%E5%85%89%E5%BC%98%20%E5%85%AC%E5%BC%8F%E3%82%B5%E3%82%A4%E3%83%88%20%E3%83%9B%E3%83%BC%E3%83%A0%E3%83%9A%E3%83%BC%E3%82%B8
P450,米内 紘正,自民党,衆議院議員,情報不足,情報不足,https://ja.wikipedia.org/wiki/米内紘正,,https://www.google.com/search?q=%E7%B1%B3%E5%86%85%20%E7%B4%98%E6%AD%A3%20%E5%85%AC%E5%BC%8F%E3%82%B5%E3%82%A4%E3%83%88%20%E3%83%9B%E3%83%BC%E3%83%A0%E3%83%9A%E3%83%BC%E3%82%B8
P452,若狹 清史,日本維新の会,衆議院議員,情報不足,情報不足,https://ja.wikipedia.org/wiki/若狹清史,,https://www.google.com/search?q=%E8%8B%A5%E7%8B%B9%20%E6%B8%85%E5%8F%B2%20%E5%85%AC%E5%BC%8F%E3%82%B5%E3%82%A4%E3%83%88%20%E3%83%9B%E3%83%BC%E3%83%A0%E3%83%9A%E3%83%BC%E3%82%B8
P455,若山 慎司,自民党,衆議院議員,情報不足,情報不足,https://ja.wikipedia.org/wiki/若山慎司,,https://www.google.com/search?q=%E8%8B%A5%E5%B1%B1%20%E6%85%8E%E5%8F%B8%20%E5%85%AC%E5%BC%8F%E3%82%B5%E3%82%A4%E3%83%88%20%E3%83%9B%E3%83%BC%E3%83%A0%E3%83%9A%E3%83%BC%E3%82%B8
P456,鷲尾 英一郎,自民党,衆議院議員,情報不足,情報不足,https://ja.wikipedia.org/wiki/鷲尾英一郎,,https://www.google.com/search?q=%E9%B7%B2%E5%B0%BE%20%E8%8B%B1%E4%B8%80%E9%83%8E%20%E5%85%AC%E5%BC%8F%E3%82%B5%E3%82%A4%E3%83%88%20%E3%83%9B%E3%83%BC%E3%83%A0%E3%83%9A%E3%83%BC%E3%82%B8
P460,渡辺 藍理,参政党,衆議院議員,情報不足,情報不足,https://ja.wikipedia.org/wiki/渡辺藍理,,https://www.google.com/search?q=%E6%B8%A1%E8%BE%BA%20%E8%97%8D%E7%90%86%20%E5%85%AC%E5%BC%8F%E3%82%B5%E3%82%A4%E3%83%88%20%E3%83%9B%E3%83%BC%E3%83%A0%E3%83%9A%E3%83%BC%E3%82%B8
P464,渡辺 創,中道改革連合,衆議院議員,情報不足,情報不足,https://ja.wikipedia.org/wiki/渡辺創,,https://www.google.com/search?q=%E6%B8%A1%E8%BE%BA%20%E5%89%B5%20%E5%85%AC%E5%BC%8F%E3%82%B5%E3%82%A4%E3%83%88%20%E3%83%9B%E3%83%BC%E3%83%A0%E3%83%9A%E3%83%BC%E3%82%B8
P465,渡辺 博道,自民党,衆議院議員,情報不足,情報不足,https://ja.wikipedia.org/wiki/渡辺博道,,https://www.google.com/search?q=%E6%B8%A1%E8%BE%BA%20%E5%8D%9A%E9%81%93%20%E5%85%AC%E5%BC%8F%E3%82%B5%E3%82%A4%E3%83%88%20%E3%83%9B%E3%83%BC%E3%83%A0%E3%83%9A%E3%83%BC%E3%82%B8
P476,安達 悠司,参政党,参議院議員,情報不足,情報不足,https://ja.wikipedia.org/wiki/安達悠司,,https://www.google.com/search?q=%E5%AE%89%E9%81%94%20%E6%82%A0%E5%8F%B8%20%E5%85%AC%E5%BC%8F%E3%82%B5%E3%82%A4%E3%83%88%20%E3%83%9B%E3%83%BC%E3%83%A0%E3%83%9A%E3%83%BC%E3%82%B8
P481,[佐山 晃子],無所属,参議院議員,情報不足,情報不足,,,https://www.google.com/search?q=%5B%E4%BD%90%E5%B1%B1%20%E6%99%83%E5%AD%90%5D%20%E5%85%AC%E5%BC%8F%E3%82%B5%E3%82%A4%E3%83%88%20%E3%83%9B%E3%83%BC%E3%83%A0%E3%83%9A%E3%83%BC%E3%82%B8
P485,石井 めぐみ,日本維新の会,参議院議員,情報不足,情報不足,https://ja.wikipedia.org/wiki/石井めぐみ,,https://www.google.com/search?q=%E7%9F%B3%E4%BA%95%20%E3%82%81%E3%81%90%E3%81%BF%20%E5%85%AC%E5%BC%8F%E3%82%B5%E3%82%A4%E3%83%88%20%E3%83%9B%E3%83%BC%E3%83%A0%E3%83%9A%E3%83%BC%E3%82%B8
P486,[根本 めぐみ],無所属,参議院議員,情報不足,情報不足,,,https://www.google.com/search?q=%5B%E6%A0%B9%E6%9C%AC%20%E3%82%81%E3%81%90%E3%81%BF%5D%20%E5%85%AC%E5%BC%8F%E3%82%B5%E3%82%A4%E3%83%88%20%E3%83%9B%E3%83%BC%E3%83%A0%E3%83%9A%E3%83%BC%E3%82%B8
P488,[小川 のり子],無所属,参議院議員,情報不足,情報不足,,,https://www.google.com/search?q=%5B%E5%B0%8F%E5%B7%9D%20%E3%81%AE%E3%82%8A%E5%AD%90%5D%20%E5%85%AC%E5%BC%8F%E3%82%B5%E3%82%A4%E3%83%88%20%E3%83%9B%E3%83%BC%E3%83%A0%E3%83%9A%E3%83%BC%E3%82%B8
P498,伊藤 辰夫,国民民主党,参議院議員,情報不足,情報不足,https://ja.wikipedia.org/wiki/伊藤辰夫,,https://www.google.com/search?q=%E4%BC%8A%E8%97%A4%20%E8%BE%B0%E5%A4%AB%20%E5%85%AC%E5%BC%8F%E3%82%B5%E3%82%A4%E3%83%88%20%E3%83%9B%E3%83%BC%E3%83%A0%E3%83%9A%E3%83%BC%E3%82%B8
P506,岩本 麻奈,参政党,参議院議員,情報不足,情報不足,https://ja.wikipedia.org/wiki/岩本麻奈,,https://www.google.com/search?q=%E5%B2%A9%E6%9C%AC%20%E9%BA%BB%E5%A5%88%20%E5%85%AC%E5%BC%8F%E3%82%B5%E3%82%A4%E3%83%88%20%E3%83%9B%E3%83%BC%E3%83%A0%E3%83%9A%E3%83%BC%E3%82%B8
P507,[富田 麻奈],無所属,参議院議員,情報不足,情報不足,,,https://www.google.com/search?q=%5B%E5%AF%8C%E7%94%B0%20%E9%BA%BB%E5%A5%88%5D%20%E5%85%AC%E5%BC%8F%E3%82%B5%E3%82%A4%E3%83%88%20%E3%83%9B%E3%83%BC%E3%83%A0%E3%83%9A%E3%83%BC%E3%82%B8
P508,いんどう 周作,自民党,参議院議員,情報不足,情報不足,https://ja.wikipedia.org/wiki/いんどう周作,,https://www.google.com/search?q=%E3%81%84%E3%82%93%E3%81%A9%E3%81%86%20%E5%91%A8%E4%BD%9C%20%E5%85%AC%E5%BC%8F%E3%82%B5%E3%82%A4%E3%83%88%20%E3%83%9B%E3%83%BC%E3%83%A0%E3%83%9A%E3%83%BC%E3%82%B8
P509,[犬童 周作],無所属,参議院議員,情報不足,情報不足,,,https://www.google.com/search?q=%5B%E7%8A%AC%E7%AB%A5%20%E5%91%A8%E4%BD%9C%5D%20%E5%85%AC%E5%BC%8F%E3%82%B5%E3%82%A4%E3%83%88%20%E3%83%9B%E3%83%BC%E3%83%A0%E3%83%9A%E3%83%BC%E3%82%B8
P512,上野 ほたる,日本維新の会,参議院議員,情報不足,情報不足,https://ja.wikipedia.org/wiki/上野ほたる,,https://www.google.com/search?q=%E4%B8%8A%E9%87%8E%20%E3%81%BB%E3%81%9F%E3%82%8B%20%E5%85%AC%E5%BC%8F%E3%82%B5%E3%82%A4%E3%83%88%20%E3%83%9B%E3%83%BC%E3%83%A0%E3%83%9A%E3%83%BC%E3%82%B8
P513,[上野 蛍],無所属,参議院議員,情報不足,情報不足,,,https://www.google.com/search?q=%5B%E4%B8%8A%E9%87%8E%20%E8%9B%8D%5D%20%E5%85%AC%E5%BC%8F%E3%82%B5%E3%82%A4%E3%83%88%20%E3%83%9B%E3%83%BC%E3%83%A0%E3%83%9A%E3%83%BC%E3%82%B8
P515,牛田 茉友,国民民主党,参議院議員,情報不足,情報不足,https://ja.wikipedia.org/wiki/牛田茉友,,https://www.google.com/search?q=%E7%89%9B%E7%94%B0%20%E8%8C%89%E5%8F%8B%20%E5%85%AC%E5%BC%8F%E3%82%B5%E3%82%A4%E3%83%88%20%E3%83%9B%E3%83%BC%E3%83%A0%E3%83%9A%E3%83%BC%E3%82%B8
P516,[高橋 茉友],無所属,参議院議員,情報不足,情報不足,,,https://www.google.com/search?q=%5B%E9%AB%98%E6%A9%8B%20%E8%8C%89%E5%8F%8B%5D%20%E5%85%AC%E5%BC%8F%E3%82%B5%E3%82%A4%E3%83%88%20%E3%83%9B%E3%83%BC%E3%83%A0%E3%83%9A%E3%83%BC%E3%82%B8
P519,[村木 さく良],無所属,参議院議員,情報不足,情報不足,,,https://www.google.com/search?q=%5B%E6%9D%91%E6%9C%A8%20%E3%81%95%E3%81%8F%E8%89%AF%5D%20%E5%85%AC%E5%BC%8F%E3%82%B5%E3%82%A4%E3%83%88%20%E3%83%9B%E3%83%BC%E3%83%A0%E3%83%9A%E3%83%BC%E3%82%B8
P522,江原 くみ子,国民民主党,参議院議員,情報不足,情報不足,https://ja.wikipedia.org/wiki/江原くみ子,,https://www.google.com/search?q=%E6%B1%9F%E5%8E%9F%20%E3%81%8F%E3%81%BF%E5%AD%90%20%E5%85%AC%E5%BC%8F%E3%82%B5%E3%82%A4%E3%83%88%20%E3%83%9B%E3%83%BC%E3%83%A0%E3%83%9A%E3%83%BC%E3%82%B8
P523,[江原 久美子],無所属,参議院議員,情報不足,情報不足,,,https://www.google.com/search?q=%5B%E6%B1%9F%E5%8E%9F%20%E4%B9%85%E7%BE%8E%E5%AD%90%5D%20%E5%85%AC%E5%BC%8F%E3%82%B5%E3%82%A4%E3%83%88%20%E3%83%9B%E3%83%BC%E3%83%A0%E3%83%9A%E3%83%BC%E3%82%B8
P526,大津 力,参政党,参議院議員,情報不足,情報不足,https://ja.wikipedia.org/wiki/大津力,,https://www.google.com/search?q=%E5%A4%A7%E6%B4%A5%20%E5%8A%9B%20%E5%85%AC%E5%BC%8F%E3%82%B5%E3%82%A4%E3%83%88%20%E3%83%9B%E3%83%BC%E3%83%A0%E3%83%9A%E3%83%BC%E3%82%B8
P527,岡崎 太,日本維新の会,参議院議員,情報不足,情報不足,https://ja.wikipedia.org/wiki/岡崎太,,https://www.google.com/search?q=%E5%B2%A1%E5%B4%8E%20%E5%A4%AA%20%E5%85%AC%E5%BC%8F%E3%82%B5%E3%82%A4%E3%83%88%20%E3%83%9B%E3%83%BC%E3%83%A0%E3%83%9A%E3%83%BC%E3%82%B8
P531,[遠藤 芙美代],無所属,参議院議員,情報不足,情報不足,,,https://www.google.com/search?q=%5B%E9%81%A0%E8%97%A4%20%E8%8A%99%E7%BE%8E%E4%BB%A3%5D%20%E5%85%AC%E5%BC%8F%E3%82%B5%E3%82%A4%E3%83%88%20%E3%83%9B%E3%83%BC%E3%83%A0%E3%83%9A%E3%83%BC%E3%82%B8
P535,尾辻 朋実,チームみらい,参議院議員,情報不足,情報不足,https://ja.wikipedia.org/wiki/尾辻朋実,,https://www.google.com/search?q=%E5%B0%BE%E8%BE%BB%20%E6%9C%8B%E5%AE%9F%20%E5%85%AC%E5%BC%8F%E3%82%B5%E3%82%A4%E3%83%88%20%E3%83%9B%E3%83%BC%E3%83%A0%E3%83%9A%E3%83%BC%E3%82%B8
P536,[末原 朋実],無所属,参議院議員,情報不足,情報不足,,,https://www.google.com/search?q=%5B%E6%9C%AB%E5%8E%9F%20%E6%9C%8B%E5%AE%9F%5D%20%E5%85%AC%E5%BC%8F%E3%82%B5%E3%82%A4%E3%83%88%20%E3%83%9B%E3%83%BC%E3%83%A0%E3%83%9A%E3%83%BC%E3%82%B8
P539,かごしま 彰宏,国民民主党,参議院議員,情報不足,情報不足,https://ja.wikipedia.org/wiki/かごしま彰宏,,https://www.google.com/search?q=%E3%81%8B%E3%81%94%E3%81%97%E3%81%BE%20%E5%BD%B0%E5%AE%8F%20%E5%85%AC%E5%BC%8F%E3%82%B5%E3%82%A4%E3%83%88%20%E3%83%9B%E3%83%BC%E3%83%A0%E3%83%9A%E3%83%BC%E3%82%B8
P540,[籠島 彰宏],無所属,参議院議員,情報不足,情報不足,,,https://www.google.com/search?q=%5B%E7%B1%A0%E5%B3%B6%20%E5%BD%B0%E5%AE%8F%5D%20%E5%85%AC%E5%BC%8F%E3%82%B5%E3%82%A4%E3%83%88%20%E3%83%9B%E3%83%BC%E3%83%A0%E3%83%9A%E3%83%BC%E3%82%B8
P541,梶原 大介,自民党,参議院議員,情報不足,情報不足,https://ja.wikipedia.org/wiki/梶原大介,,https://www.google.com/search?q=%E6%A2%B6%E5%8E%9F%20%E5%A4%A7%E4%BB%8B%20%E5%85%AC%E5%BC%8F%E3%82%B5%E3%82%A4%E3%83%88%20%E3%83%9B%E3%83%BC%E3%83%A0%E3%83%9A%E3%83%BC%E3%82%B8
P542,加田 裕之,自民党,参議院議員,情報不足,情報不足,https://ja.wikipedia.org/wiki/加田裕之,,https://www.google.com/search?q=%E5%8A%A0%E7%94%B0%20%E8%A3%95%E4%B9%8B%20%E5%85%AC%E5%BC%8F%E3%82%B5%E3%82%A4%E3%83%88%20%E3%83%9B%E3%83%BC%E3%83%A0%E3%83%9A%E3%83%BC%E3%82%B8
P566,見坂 茂範,自民党,参議院議員,情報不足,情報不足,https://ja.wikipedia.org/wiki/見坂茂範,,https://www.google.com/search?q=%E8%A6%8B%E5%9D%82%20%E8%8C%82%E7%AF%84%20%E5%85%AC%E5%BC%8F%E3%82%B5%E3%82%A4%E3%83%88%20%E3%83%9B%E3%83%BC%E3%83%A0%E3%83%9A%E3%83%BC%E3%82%B8
P569,郡山 りょう,立憲民主党,参議院議員,情報不足,情報不足,https://ja.wikipedia.org/wiki/郡山りょう,,https://www.google.com/search?q=%E9%83%A1%E5%B1%B1%20%E3%82%8A%E3%82%87%E3%81%86%20%E5%85%AC%E5%BC%8F%E3%82%B5%E3%82%A4%E3%83%88%20%E3%83%9B%E3%83%BC%E3%83%A0%E3%83%9A%E3%83%BC%E3%82%B8
P570,[郡山 玲],無所属,参議院議員,情報不足,情報不足,,,https://www.google.com/search?q=%5B%E9%83%A1%E5%B1%B1%20%E7%8E%B2%5D%20%E5%85%AC%E5%BC%8F%E3%82%B5%E3%82%A4%E3%83%88%20%E3%83%9B%E3%83%BC%E3%83%A0%E3%83%9A%E3%83%BC%E3%82%B8
P575,[小島 智子],無所属,参議院議員,情報不足,情報不足,,,https://www.google.com/search?q=%5B%E5%B0%8F%E5%B3%B6%20%E6%99%BA%E5%AD%90%5D%20%E5%85%AC%E5%BC%8F%E3%82%B5%E3%82%A4%E3%83%88%20%E3%83%9B%E3%83%BC%E3%83%A0%E3%83%9A%E3%83%BC%E3%82%B8
P576,古庄 玄知,自民党,参議院議員,情報不足,情報不足,https://ja.wikipedia.org/wiki/古庄玄知,,https://www.google.com/search?q=%E5%8F%A4%E5%BA%84%20%E7%8E%84%E7%9F%A5%20%E5%85%AC%E5%BC%8F%E3%82%B5%E3%82%A4%E3%83%88%20%E3%83%9B%E3%83%BC%E3%83%A0%E3%83%9A%E3%83%BC%E3%82%B8
P577,後藤 翔太,参政党,参議院議員,情報不足,情報不足,https://ja.wikipedia.org/wiki/後藤翔太,,https://www.google.com/search?q=%E5%BE%8C%E8%97%A4%20%E7%BF%94%E5%A4%AA%20%E5%85%AC%E5%BC%8F%E3%82%B5%E3%82%A4%E3%83%88%20%E3%83%9B%E3%83%BC%E3%83%A0%E3%83%9A%E3%83%BC%E3%82%B8
P582,小林 さやか,国民民主党,参議院議員,情報不足,情報不足,https://ja.wikipedia.org/wiki/小林さやか,,https://www.google.com/search?q=%E5%B0%8F%E6%9E%97%20%E3%81%95%E3%82%84%E3%81%8B%20%E5%85%AC%E5%BC%8F%E3%82%B5%E3%82%A4%E3%83%88%20%E3%83%9B%E3%83%BC%E3%83%A0%E3%83%9A%E3%83%BC%E3%82%B8
P583,[中山 さやか],無所属,参議院議員,情報不足,情報不足,,,https://www.google.com/search?q=%5B%E4%B8%AD%E5%B1%B1%20%E3%81%95%E3%82%84%E3%81%8B%5D%20%E5%85%AC%E5%BC%8F%E3%82%B5%E3%82%A4%E3%83%88%20%E3%83%9B%E3%83%BC%E3%83%A0%E3%83%9A%E3%83%BC%E3%82%B8
P589,櫻井 祥子,参政党,参議院議員,情報不足,情報不足,https://ja.wikipedia.org/wiki/櫻井祥子,,https://www.google.com/search?q=%E6%AB%BB%E4%BA%95%20%E7%A5%A5%E5%AD%90%20%E5%85%AC%E5%BC%8F%E3%82%B5%E3%82%A4%E3%83%88%20%E3%83%9B%E3%83%BC%E3%83%A0%E3%83%9A%E3%83%BC%E3%82%B8
P593,[中野 理江],無所属,参議院議員,情報不足,情報不足,,,https://www.google.com/search?q=%5B%E4%B8%AD%E9%87%8E%20%E7%90%86%E6%B1%9F%5D%20%E5%85%AC%E5%BC%8F%E3%82%B5%E3%82%A4%E3%83%88%20%E3%83%9B%E3%83%BC%E3%83%A0%E3%83%9A%E3%83%BC%E3%82%B8
P596,塩入 清香,参政党,参議院議員,情報不足,情報不足,https://ja.wikipedia.org/wiki/塩入清香,,https://www.google.com/search?q=%E5%A1%A9%E5%85%A5%20%E6%B8%85%E9%A6%99%20%E5%85%AC%E5%BC%8F%E3%82%B5%E3%82%A4%E3%83%88%20%E3%83%9B%E3%83%BC%E3%83%A0%E3%83%9A%E3%83%BC%E3%82%B8
P598,[塩村 文夏],無所属,参議院議員,情報不足,情報不足,,,https://www.google.com/search?q=%5B%E5%A1%A9%E6%9D%91%20%E6%96%87%E5%A4%8F%5D%20%E5%85%AC%E5%BC%8F%E3%82%B5%E3%82%A4%E3%83%88%20%E3%83%9B%E3%83%BC%E3%83%A0%E3%83%9A%E3%83%BC%E3%82%B8
P602,[橋本 英子],無所属,参議院議員,情報不足,情報不足,,,https://www.google.com/search?q=%5B%E6%A9%8B%E6%9C%AC%20%E8%8B%B1%E5%AD%90%5D%20%E5%85%AC%E5%BC%8F%E3%82%B5%E3%82%A4%E3%83%88%20%E3%83%9B%E3%83%BC%E3%83%A0%E3%83%9A%E3%83%BC%E3%82%B8
P611,杉本 純子,参政党,参議院議員,情報不足,情報不足,https://ja.wikipedia.org/wiki/杉本純子,,https://www.google.com/search?q=%E6%9D%89%E6%9C%AC%20%E7%B4%94%E5%AD%90%20%E5%85%AC%E5%BC%8F%E3%82%B5%E3%82%A4%E3%83%88%20%E3%83%9B%E3%83%BC%E3%83%A0%E3%83%9A%E3%83%BC%E3%82%B8
P618,[高木 佳保里],無所属,参議院議員,情報不足,情報不足,,,https://www.google.com/search?q=%5B%E9%AB%98%E6%9C%A8%20%E4%BD%B3%E4%BF%9D%E9%87%8C%5D%20%E5%85%AC%E5%BC%8F%E3%82%B5%E3%82%A4%E3%83%88%20%E3%83%9B%E3%83%BC%E3%83%A0%E3%83%9A%E3%83%BC%E3%82%B8
P624,[坂本 沙哉],無所属,参議院議員,情報不足,情報不足,,,https://www.google.com/search?q=%5B%E5%9D%82%E6%9C%AC%20%E6%B2%99%E5%93%89%5D%20%E5%85%AC%E5%BC%8F%E3%82%B5%E3%82%A4%E3%83%88%20%E3%83%9B%E3%83%BC%E3%83%A0%E3%83%9A%E3%83%BC%E3%82%B8
P629,[菊地 とし子],無所属,参議院議員,情報不足,情報不足,,,https://www.google.com/search?q=%5B%E8%8F%8A%E5%9C%B0%20%E3%81%A8%E3%81%97%E5%AD%90%5D%20%E5%85%AC%E5%BC%8F%E3%82%B5%E3%82%A4%E3%83%88%20%E3%83%9B%E3%83%BC%E3%83%A0%E3%83%9A%E3%83%BC%E3%82%B8
P634,[田村 麻美],無所属,参議院議員,情報不足,情報不足,,,https://www.google.com/search?q=%5B%E7%94%B0%E6%9D%91%20%E9%BA%BB%E7%BE%8E%5D%20%E5%85%AC%E5%BC%8F%E3%82%B5%E3%82%A4%E3%83%88%20%E3%83%9B%E3%83%BC%E3%83%A0%E3%83%9A%E3%83%BC%E3%82%B8
P638,出川 桃子,自民党,参議院議員,情報不足,情報不足,https://ja.wikipedia.org/wiki/出川桃子,,https://www.google.com/search?q=%E5%87%BA%E5%B7%9D%20%E6%A1%83%E5%AD%90%20%E5%85%AC%E5%BC%8F%E3%82%B5%E3%82%A4%E3%83%88%20%E3%83%9B%E3%83%BC%E3%83%A0%E3%83%9A%E3%83%BC%E3%82%B8
P643,[鈴木 エリ],無所属,参議院議員,情報不足,情報不足,,,https://www.google.com/search?q=%5B%E9%88%B4%E6%9C%A8%20%E3%82%A8%E3%83%AA%5D%20%E5%85%AC%E5%BC%8F%E3%82%B5%E3%82%A4%E3%83%88%20%E3%83%9B%E3%83%BC%E3%83%A0%E3%83%9A%E3%83%BC%E3%82%B8
P645,[土肥 理緒],無所属,参議院議員,情報不足,情報不足,,,https://www.google.com/search?q=%5B%E5%9C%9F%E8%82%A5%20%E7%90%86%E7%B7%92%5D%20%E5%85%AC%E5%BC%8F%E3%82%B5%E3%82%A4%E3%83%88%20%E3%83%9B%E3%83%BC%E3%83%A0%E3%83%9A%E3%83%BC%E3%82%B8
P646,永井 学,自民党,参議院議員,情報不足,情報不足,https://ja.wikipedia.org/wiki/永井学,,https://www.google.com/search?q=%E6%B0%B8%E4%BA%95%20%E5%AD%A6%20%E5%85%AC%E5%BC%8F%E3%82%B5%E3%82%A4%E3%83%88%20%E3%83%9B%E3%83%BC%E3%83%A0%E3%83%9A%E3%83%BC%E3%82%B8
P650,[下村 清],無所属,参議院議員,情報不足,情報不足,,,https://www.google.com/search?q=%5B%E4%B8%8B%E6%9D%91%20%E6%B8%85%5D%20%E5%85%AC%E5%BC%8F%E3%82%B5%E3%82%A4%E3%83%88%20%E3%83%9B%E3%83%BC%E3%83%A0%E3%83%9A%E3%83%BC%E3%82%B8
P652,中田 優子,参政党,参議院議員,情報不足,情報不足,https://ja.wikipedia.org/wiki/中田優子,,https://www.google.com/search?q=%E4%B8%AD%E7%94%B0%20%E5%84%AA%E5%AD%90%20%E5%85%AC%E5%BC%8F%E3%82%B5%E3%82%A4%E3%83%88%20%E3%83%9B%E3%83%BC%E3%83%A0%E3%83%9A%E3%83%BC%E3%82%B8
P660,庭田 幸恵,国民民主党,参議院議員,情報不足,情報不足,https://ja.wikipedia.org/wiki/庭田幸恵,,https://www.google.com/search?q=%E5%BA%AD%E7%94%B0%20%E5%B9%B8%E6%81%B5%20%E5%85%AC%E5%BC%8F%E3%82%B5%E3%82%A4%E3%83%88%20%E3%83%9B%E3%83%BC%E3%83%A0%E3%83%9A%E3%83%BC%E3%82%B8
P664,初鹿野 裕樹,参政党,参議院議員,情報不足,情報不足,https://ja.wikipedia.org/wiki/初鹿野裕樹,,https://www.google.com/search?q=%E5%88%9D%E9%B9%BF%E9%87%8E%20%E8%A3%95%E6%A8%B9%20%E5%85%AC%E5%BC%8F%E3%82%B5%E3%82%A4%E3%83%88%20%E3%83%9B%E3%83%BC%E3%83%A0%E3%83%9A%E3%83%BC%E3%82%B8
P666,[石崎 聖子],無所属,参議院議員,情報不足,情報不足,,,https://www.google.com/search?q=%5B%E7%9F%B3%E5%B4%8E%20%E8%81%96%E5%AD%90%5D%20%E5%85%AC%E5%BC%8F%E3%82%B5%E3%82%A4%E3%83%88%20%E3%83%9B%E3%83%BC%E3%83%A0%E3%83%9A%E3%83%BC%E3%82%B8
P678,平戸 航太,国民民主党,参議院議員,情報不足,情報不足,https://ja.wikipedia.org/wiki/平戸航太,,https://www.google.com/search?q=%E5%B9%B3%E6%88%B8%20%E8%88%AA%E5%A4%AA%20%E5%85%AC%E5%BC%8F%E3%82%B5%E3%82%A4%E3%83%88%20%E3%83%9B%E3%83%BC%E3%83%A0%E3%83%9A%E3%83%BC%E3%82%B8
P684,[福島 瑞穂],無所属,参議院議員,情報不足,情報不足,,,https://www.google.com/search?q=%5B%E7%A6%8F%E5%B3%B6%20%E7%91%9E%E7%A9%82%5D%20%E5%85%AC%E5%BC%8F%E3%82%B5%E3%82%A4%E3%83%88%20%E3%83%9B%E3%83%BC%E3%83%A0%E3%83%9A%E3%83%BC%E3%82%B8
P702,[新居 るい],無所属,参議院議員,情報不足,情報不足,,,https://www.google.com/search?q=%5B%E6%96%B0%E5%B1%85%20%E3%82%8B%E3%81%84%5D%20%E5%85%AC%E5%BC%8F%E3%82%B5%E3%82%A4%E3%83%88%20%E3%83%9B%E3%83%BC%E3%83%A0%E3%83%9A%E3%83%BC%E3%82%B8
P707,[前田 明美],無所属,参議院議員,情報不足,情報不足,,,https://www.google.com/search?q=%5B%E5%89%8D%E7%94%B0%20%E6%98%8E%E7%BE%8E%5D%20%E5%85%AC%E5%BC%8F%E3%82%B5%E3%82%A4%E3%83%88%20%E3%83%9B%E3%83%BC%E3%83%A0%E3%83%9A%E3%83%BC%E3%82%B8
P712,[川堀 絵里],無所属,参議院議員,情報不足,情報不足,,,https://www.google.com/search?q=%5B%E5%B7%9D%E5%A0%80%20%E7%B5%B5%E9%87%8C%5D%20%E5%85%AC%E5%BC%8F%E3%82%B5%E3%82%A4%E3%83%88%20%E3%83%9B%E3%83%BC%E3%83%A0%E3%83%9A%E3%83%BC%E3%82%B8
P716,[中根 順子],無所属,参議院議員,情報不足,情報不足,,,https://www.google.com/search?q=%5B%E4%B8%AD%E6%A0%B9%20%E9%A0%86%E5%AD%90%5D%20%E5%85%AC%E5%BC%8F%E3%82%B5%E3%82%A4%E3%83%88%20%E3%83%9B%E3%83%BC%E3%83%A0%E3%83%9A%E3%83%BC%E3%82%B8
P719,宮出 千慧,参政党,参議院議員,情報不足,情報不足,https://ja.wikipedia.org/wiki/宮出千慧,,https://www.google.com/search?q=%E5%AE%AE%E5%87%BA%20%E5%8D%83%E6%85%A7%20%E5%85%AC%E5%BC%8F%E3%82%B5%E3%82%A4%E3%83%88%20%E3%83%9B%E3%83%BC%E3%83%A0%E3%83%9A%E3%83%BC%E3%82%B8
P720,[高森 千慧],無所属,参議院議員,情報不足,情報不足,,,https://www.google.com/search?q=%5B%E9%AB%98%E6%A3%AE%20%E5%8D%83%E6%85%A7%5D%20%E5%85%AC%E5%BC%8F%E3%82%B5%E3%82%A4%E3%83%88%20%E3%83%9B%E3%83%BC%E3%83%A0%E3%83%9A%E3%83%BC%E3%82%B8
P721,宮本 和宏,自民党,参議院議員,情報不足,情報不足,https://ja.wikipedia.org/wiki/宮本和宏,,https://www.google.com/search?q=%E5%AE%AE%E6%9C%AC%20%E5%92%8C%E5%AE%8F%20%E5%85%AC%E5%BC%8F%E3%82%B5%E3%82%A4%E3%83%88%20%E3%83%9B%E3%83%BC%E3%83%A0%E3%83%9A%E3%83%BC%E3%82%B8
P724,望月 良男,無所属,参議院議員,情報不足,情報不足,https://ja.wikipedia.org/wiki/望月良男,,https://www.google.com/search?q=%E6%9C%9B%E6%9C%88%20%E8%89%AF%E7%94%B7%20%E5%85%AC%E5%BC%8F%E3%82%B5%E3%82%A4%E3%83%88%20%E3%83%9B%E3%83%BC%E3%83%A0%E3%83%9A%E3%83%BC%E3%82%B8
P726,[三好 雅子],無所属,参議院議員,情報不足,情報不足,,,https://www.google.com/search?q=%5B%E4%B8%89%E5%A5%BD%20%E9%9B%85%E5%AD%90%5D%20%E5%85%AC%E5%BC%8F%E3%82%B5%E3%82%A4%E3%83%88%20%E3%83%9B%E3%83%BC%E3%83%A0%E3%83%9A%E3%83%BC%E3%82%B8
P730,山内 佳菜子,立憲民主党,参議院議員,情報不足,情報不足,https://ja.wikipedia.org/wiki/山内佳菜子,,https://www.google.com/search?q=%E5%B1%B1%E5%86%85%20%E4%BD%B3%E8%8F%9C%E5%AD%90%20%E5%85%AC%E5%BC%8F%E3%82%B5%E3%82%A4%E3%83%88%20%E3%83%9B%E3%83%BC%E3%83%A0%E3%83%9A%E3%83%BC%E3%82%B8
P746,吉川 沙織,立憲民主党,参議院議員,情報不足,情報不足,https://ja.wikipedia.org/wiki/吉川沙織,,https://www.google.com/search?q=%E5%90%89%E5%B7%9D%20%E6%B2%99%E7%B9%94%20%E5%85%AC%E5%BC%8F%E3%82%B5%E3%82%A4%E3%83%88%20%E3%83%9B%E3%83%BC%E3%83%A0%E3%83%9A%E3%83%BC%E3%82%B8
P752,若井 敦子,自民党,参議院議員,情報不足,情報不足,https://ja.wikipedia.org/wiki/若井敦子,,https://www.google.com/search?q=%E8%8B%A5%E4%BA%95%20%E6%95%A6%E5%AD%90%20%E5%85%AC%E5%BC%8F%E3%82%B5%E3%82%A4%E3%83%88%20%E3%83%9B%E3%83%BC%E3%83%A0%E3%83%9A%E3%83%BC%E3%82%B8
P805,平野 雨龍,無所属,議員外,情報不足,情報不足,https://ja.wikipedia.org/wiki/平野雨龍,,https://www.google.com/search?q=%E5%B9%B3%E9%87%8E%20%E9%9B%A8%E9%BE%8D%20%E5%85%AC%E5%BC%8F%E3%82%B5%E3%82%A4%E3%83%88%20%E3%83%9B%E3%83%BC%E3%83%A0%E3%83%9A%E3%83%BC%E3%82%B8
